timestamp, pstate, clocks.current.sm [MHz], clocks.current.memory [MHz], power.draw.instant [W], power.limit [W], temperature.gpu, utilization.gpu [%], utilization.memory [%], memory.used [MiB], pcie.link.gen.gpucurrent, pcie.link.width.current, clocks_event_reasons.sw_power_cap, clocks_event_reasons.hw_thermal_slowdown, clocks_event_reasons.sw_thermal_slowdown
2026/07/24 05:52:47.089, P2, 1860, 7601, 113.51, 230.00, 75, 0, 0, 21112, 3, 16, Not Active, Not Active, Not Active
2026/07/24 05:52:48.094, P2, 1695, 7601, 110.68, 230.00, 74, 0, 0, 21112, 3, 16, Not Active, Not Active, Not Active
2026/07/24 05:52:49.095, P2, 1425, 7601, 230.90, 230.00, 77, 100, 34, 21112, 3, 16, Active, Not Active, Not Active
2026/07/24 05:52:50.095, P2, 1635, 7601, 229.34, 230.00, 78, 89, 87, 21112, 3, 16, Active, Not Active, Not Active
2026/07/24 05:52:51.097, P2, 1605, 7601, 229.74, 230.00, 78, 90, 90, 21112, 3, 16, Active, Not Active, Not Active
2026/07/24 05:52:52.098, P2, 1605, 7601, 230.77, 230.00, 78, 90, 90, 21112, 3, 16, Active, Not Active, Not Active
2026/07/24 05:52:53.098, P2, 1590, 7601, 227.99, 230.00, 78, 91, 91, 21112, 3, 16, Active, Not Active, Not Active
2026/07/24 05:52:54.099, P2, 1590, 7601, 227.85, 230.00, 78, 90, 91, 21112, 3, 16, Active, Not Active, Not Active
2026/07/24 05:52:55.100, P2, 1410, 7601, 230.54, 230.00, 79, 100, 35, 21112, 3, 16, Active, Not Active, Not Active
2026/07/24 05:52:56.101, P2, 1620, 7601, 232.95, 230.00, 79, 89, 88, 21112, 3, 16, Active, Not Active, Not Active
2026/07/24 05:52:57.102, P2, 1605, 7601, 230.29, 230.00, 79, 90, 90, 21112, 3, 16, Active, Not Active, Not Active
2026/07/24 05:52:58.103, P2, 1620, 7601, 233.09, 230.00, 79, 90, 90, 21112, 3, 16, Active, Not Active, Not Active
2026/07/24 05:52:59.104, P2, 1605, 7601, 233.10, 230.00, 79, 90, 90, 21112, 3, 16, Active, Not Active, Not Active
2026/07/24 05:53:00.105, P2, 1605, 7601, 233.87, 230.00, 79, 90, 91, 21112, 3, 16, Active, Not Active, Not Active
2026/07/24 05:53:01.106, P2, 1425, 7601, 234.88, 230.00, 79, 100, 34, 21112, 3, 16, Active, Not Active, Not Active
2026/07/24 05:53:02.107, P2, 1620, 7601, 230.34, 230.00, 79, 89, 88, 21112, 3, 16, Active, Not Active, Not Active
2026/07/24 05:53:03.108, P2, 1605, 7601, 230.83, 230.00, 79, 90, 90, 21112, 3, 16, Active, Not Active, Not Active
2026/07/24 05:53:04.109, P2, 1605, 7601, 232.24, 230.00, 79, 90, 90, 21112, 3, 16, Active, Not Active, Not Active
2026/07/24 05:53:05.110, P2, 1590, 7601, 230.88, 230.00, 79, 90, 90, 21112, 3, 16, Active, Not Active, Not Active
2026/07/24 05:53:06.110, P2, 1590, 7601, 231.52, 230.00, 79, 90, 91, 21112, 3, 16, Active, Not Active, Not Active
2026/07/24 05:53:07.111, P2, 1410, 7601, 234.38, 230.00, 80, 100, 34, 21112, 3, 16, Active, Not Active, Not Active
2026/07/24 05:53:08.112, P2, 1620, 7601, 233.29, 230.00, 79, 90, 89, 21112, 3, 16, Active, Not Active, Not Active
2026/07/24 05:53:09.113, P2, 1620, 7601, 232.98, 230.00, 79, 90, 90, 21112, 3, 16, Active, Not Active, Not Active
2026/07/24 05:53:10.114, P2, 1620, 7601, 232.86, 230.00, 79, 90, 91, 21112, 3, 16, Active, Not Active, Not Active
2026/07/24 05:53:11.115, P2, 1605, 7601, 233.70, 230.00, 79, 90, 90, 21112, 3, 16, Active, Not Active, Not Active
2026/07/24 05:53:12.116, P2, 1605, 7601, 232.44, 230.00, 79, 89, 85, 21112, 3, 16, Active, Not Active, Not Active
2026/07/24 05:53:13.117, P2, 1410, 7601, 231.02, 230.00, 80, 100, 34, 21112, 3, 16, Active, Not Active, Not Active
2026/07/24 05:53:14.118, P2, 1620, 7601, 233.99, 230.00, 80, 88, 87, 21112, 3, 16, Active, Not Active, Not Active
2026/07/24 05:53:15.119, P2, 1620, 7601, 233.25, 230.00, 79, 90, 90, 21112, 3, 16, Active, Not Active, Not Active
2026/07/24 05:53:16.120, P2, 1605, 7601, 233.46, 230.00, 79, 90, 90, 21112, 3, 16, Active, Not Active, Not Active
2026/07/24 05:53:17.121, P2, 1605, 7601, 233.39, 230.00, 79, 90, 90, 21112, 3, 16, Active, Not Active, Not Active
2026/07/24 05:53:18.123, P2, 1335, 7601, 239.60, 230.00, 79, 92, 74, 21112, 3, 16, Active, Not Active, Not Active
2026/07/24 05:53:19.124, P2, 1440, 7601, 225.14, 230.00, 80, 96, 35, 21112, 3, 16, Active, Not Active, Not Active
2026/07/24 05:53:20.125, P2, 1620, 7601, 231.55, 230.00, 80, 90, 89, 21112, 3, 16, Active, Not Active, Not Active
2026/07/24 05:53:21.125, P2, 1605, 7601, 234.00, 230.00, 80, 90, 90, 21112, 3, 16, Active, Not Active, Not Active
2026/07/24 05:53:22.126, P2, 1605, 7601, 234.14, 230.00, 80, 90, 90, 21112, 3, 16, Active, Not Active, Not Active
2026/07/24 05:53:23.127, P2, 1590, 7601, 233.31, 230.00, 80, 90, 91, 21112, 3, 16, Active, Not Active, Not Active
2026/07/24 05:53:24.128, P2, 1515, 7601, 204.27, 230.00, 80, 90, 85, 21112, 3, 16, Active, Not Active, Not Active
2026/07/24 05:53:25.129, P2, 1425, 7601, 229.94, 230.00, 80, 96, 34, 21112, 3, 16, Active, Not Active, Not Active
2026/07/24 05:53:26.130, P2, 1620, 7601, 234.30, 230.00, 80, 90, 89, 21112, 3, 16, Active, Not Active, Not Active
2026/07/24 05:53:27.131, P2, 1605, 7601, 232.71, 230.00, 80, 89, 89, 21112, 3, 16, Active, Not Active, Not Active
2026/07/24 05:53:28.132, P2, 1605, 7601, 232.64, 230.00, 80, 90, 90, 21112, 3, 16, Active, Not Active, Not Active
2026/07/24 05:53:29.133, P2, 1605, 7601, 233.15, 230.00, 80, 90, 90, 21112, 3, 16, Active, Not Active, Not Active
2026/07/24 05:53:30.134, P2, 1500, 7601, 219.63, 230.00, 80, 94, 75, 21112, 3, 16, Active, Not Active, Not Active
2026/07/24 05:53:31.134, P2, 1410, 7601, 230.54, 230.00, 80, 100, 34, 21112, 3, 16, Active, Not Active, Not Active
2026/07/24 05:53:32.135, P2, 1620, 7601, 234.35, 230.00, 80, 90, 89, 21112, 3, 16, Active, Not Active, Not Active
2026/07/24 05:53:33.136, P2, 1605, 7601, 234.50, 230.00, 80, 89, 89, 21112, 3, 16, Active, Not Active, Not Active
2026/07/24 05:53:34.137, P2, 1590, 7601, 232.58, 230.00, 80, 90, 90, 21112, 3, 16, Active, Not Active, Not Active
2026/07/24 05:53:35.138, P2, 1590, 7601, 233.65, 230.00, 80, 90, 90, 21112, 3, 16, Active, Not Active, Not Active
2026/07/24 05:53:36.140, P2, 1545, 7601, 211.37, 230.00, 80, 90, 90, 21112, 3, 16, Active, Not Active, Not Active
2026/07/24 05:53:37.142, P2, 1410, 7601, 231.58, 230.00, 80, 100, 34, 21112, 3, 16, Active, Not Active, Not Active
2026/07/24 05:53:38.142, P2, 1620, 7601, 234.72, 230.00, 80, 90, 89, 21112, 3, 16, Active, Not Active, Not Active
2026/07/24 05:53:39.144, P2, 1605, 7601, 233.68, 230.00, 80, 88, 88, 21112, 3, 16, Active, Not Active, Not Active
2026/07/24 05:53:40.145, P2, 1605, 7601, 233.22, 230.00, 80, 90, 89, 21112, 3, 16, Active, Not Active, Not Active
2026/07/24 05:53:41.146, P2, 1605, 7601, 235.82, 230.00, 80, 90, 90, 21112, 3, 16, Active, Not Active, Not Active
2026/07/24 05:53:42.147, P2, 1455, 7601, 235.84, 230.00, 80, 92, 73, 21112, 3, 16, Active, Not Active, Not Active
2026/07/24 05:53:43.148, P2, 1440, 7601, 222.88, 230.00, 80, 97, 33, 21112, 3, 16, Active, Not Active, Not Active
2026/07/24 05:53:44.149, P2, 1620, 7601, 232.79, 230.00, 80, 90, 89, 21112, 3, 16, Active, Not Active, Not Active
2026/07/24 05:53:45.150, P2, 1605, 7601, 233.13, 230.00, 80, 90, 90, 21112, 3, 16, Active, Not Active, Not Active
2026/07/24 05:53:46.150, P2, 1605, 7601, 232.35, 230.00, 80, 90, 90, 21112, 3, 16, Active, Not Active, Not Active
2026/07/24 05:53:47.151, P2, 1590, 7601, 230.65, 230.00, 80, 91, 91, 21112, 3, 16, Active, Not Active, Not Active
2026/07/24 05:53:48.152, P2, 1560, 7601, 207.19, 230.00, 80, 90, 87, 21112, 3, 16, Active, Not Active, Not Active
2026/07/24 05:53:49.153, P2, 1425, 7601, 232.17, 230.00, 80, 100, 36, 21112, 3, 16, Active, Not Active, Not Active
2026/07/24 05:53:50.154, P2, 1620, 7601, 234.05, 230.00, 80, 89, 88, 21112, 3, 16, Active, Not Active, Not Active
2026/07/24 05:53:51.155, P2, 1605, 7601, 233.47, 230.00, 80, 90, 90, 21112, 3, 16, Active, Not Active, Not Active
2026/07/24 05:53:52.156, P2, 1590, 7601, 232.19, 230.00, 80, 90, 90, 21112, 3, 16, Active, Not Active, Not Active
2026/07/24 05:53:53.157, P2, 1590, 7601, 233.09, 230.00, 80, 90, 90, 21112, 3, 16, Active, Not Active, Not Active
2026/07/24 05:53:54.158, P2, 1560, 7601, 209.61, 230.00, 80, 89, 89, 21112, 3, 16, Active, Not Active, Not Active
2026/07/24 05:53:55.159, P2, 1500, 7601, 223.60, 230.00, 80, 95, 32, 21112, 3, 16, Active, Not Active, Not Active
2026/07/24 05:53:56.160, P2, 1620, 7601, 234.92, 230.00, 80, 90, 89, 21112, 3, 16, Active, Not Active, Not Active
2026/07/24 05:53:57.161, P2, 1605, 7601, 231.98, 230.00, 80, 89, 89, 21112, 3, 16, Active, Not Active, Not Active
2026/07/24 05:53:58.162, P2, 1590, 7601, 232.38, 230.00, 80, 92, 92, 21112, 3, 16, Active, Not Active, Not Active
2026/07/24 05:53:59.163, P2, 1590, 7601, 230.21, 230.00, 80, 91, 91, 21112, 3, 16, Active, Not Active, Not Active
2026/07/24 05:54:00.164, P2, 1575, 7601, 216.36, 230.00, 80, 91, 90, 21112, 3, 16, Active, Not Active, Not Active
2026/07/24 05:54:01.164, P2, 1500, 7601, 229.72, 230.00, 80, 98, 39, 21112, 3, 16, Active, Not Active, Not Active
2026/07/24 05:54:02.165, P2, 1620, 7601, 232.77, 230.00, 80, 90, 88, 21112, 3, 16, Active, Not Active, Not Active
2026/07/24 05:54:03.166, P2, 1605, 7601, 234.55, 230.00, 80, 92, 92, 21112, 3, 16, Active, Not Active, Not Active
2026/07/24 05:54:04.167, P2, 1575, 7601, 230.52, 230.00, 80, 91, 91, 21112, 3, 16, Active, Not Active, Not Active
2026/07/24 05:54:05.168, P2, 1590, 7601, 230.37, 230.00, 80, 90, 90, 21112, 3, 16, Active, Not Active, Not Active
2026/07/24 05:54:06.168, P2, 1410, 7601, 238.11, 230.00, 80, 92, 72, 21112, 3, 16, Active, Not Active, Not Active
2026/07/24 05:54:07.169, P2, 1440, 7601, 240.55, 230.00, 80, 97, 41, 21112, 3, 16, Active, Not Active, Not Active
2026/07/24 05:54:08.170, P2, 1620, 7601, 233.77, 230.00, 80, 88, 87, 21112, 3, 16, Active, Not Active, Not Active
2026/07/24 05:54:09.171, P2, 1605, 7601, 230.86, 230.00, 80, 90, 90, 21112, 3, 16, Active, Not Active, Not Active
2026/07/24 05:54:10.172, P2, 1590, 7601, 232.13, 230.00, 80, 90, 90, 21112, 3, 16, Active, Not Active, Not Active
2026/07/24 05:54:11.173, P2, 1590, 7601, 229.91, 230.00, 80, 91, 91, 21112, 3, 16, Active, Not Active, Not Active
2026/07/24 05:54:12.173, P2, 1395, 7601, 234.65, 230.00, 81, 90, 77, 21112, 3, 16, Active, Not Active, Not Active
2026/07/24 05:54:13.174, P2, 1500, 7601, 233.12, 230.00, 80, 93, 57, 21112, 3, 16, Active, Not Active, Not Active
2026/07/24 05:54:14.175, P2, 1605, 7601, 233.05, 230.00, 80, 90, 89, 21112, 3, 16, Active, Not Active, Not Active
2026/07/24 05:54:15.176, P2, 1605, 7601, 233.18, 230.00, 80, 88, 88, 21112, 3, 16, Active, Not Active, Not Active
2026/07/24 05:54:16.177, P2, 1590, 7601, 231.35, 230.00, 80, 90, 90, 21112, 3, 16, Active, Not Active, Not Active
2026/07/24 05:54:17.178, P2, 1590, 7601, 231.43, 230.00, 80, 90, 90, 21112, 3, 16, Active, Not Active, Not Active
2026/07/24 05:54:18.179, P2, 1605, 7601, 229.39, 230.00, 80, 89, 91, 21112, 3, 16, Active, Not Active, Not Active
2026/07/24 05:54:19.179, P2, 1860, 7601, 114.84, 230.00, 76, 0, 0, 21112, 3, 16, Not Active, Not Active, Not Active
